{"train_loss":0.0004069118876941502,"valid_loss":0.0004069118876941502,"task":9,"valid_acc":0.6231333333333333,"epoch":0,"train_acc":0.6231333333333333,"_step":19,"_wandb":{"runtime":1928},"_runtime":1928,"_timestamp":1.777829134191521e+09}